# r,theta,phi
2099.030609,2.960311,1.110192
5649.939617,-2.197694,1.600097
3947.984703,-0.785059,1.359879
