ID,rho,theta,z
DS1,0.0,0.0,0.0
DS2,8.28243668e+02,-1.57524709e+00,2.92603676e+03
DS3,1.57850507e+03,-6.38170619e-02,1.44265870e+02
