ID,rho,theta,z
A,0.0,0.0,0.0
B,8.28243668e+02,-1.57524709e+00,2.92603676e+03
C,1.57850507e+03,-6.38170619e-02,1.44265870e+02